{
	"rock" : 
	{  
		"hardness" : 2.0, 
		"soundType" : "stone", 
		"material" : "rock"
	},

	"glass" :
	{
		"type" : "connected",
		"soundType" : "glass",
		"hardness" : 0.5,
		"translucent" : true,
		"opaque" : false
	},
	
	"crafting" : 
	{ 
		"hardness" : 1,
		"textures" : 
		{
			"top" : "crafting_table_top",
			"bottom" : "crafting_table_bottom",
			"sides" : "crafting_table_side",
			"front" : "crafting_table_front"
		}
	},
	
	"wool_colored":
	{
		"type" : "colored",
		"soundType" : "cloth",
		"hardness" :  0.8		
	},
	
	"custom_stairs" :
	{
		"type" : "stairs",
		"material" : "wood",
		"soundType" : "wood",
		"textureName": "stairs"		
	},
	
	"slab" :
	{
		"type" : "slab",
		"material" : "rock",
		"soundType" : "stone",
		"textures" : 
		{ 
			"top" : "stone_slab_top",
			"bottom" : "stone_slab_top",
			"sides" : "stone_slab_side" 
		}
	},
	
	"moon" :
	{
		"type" : "megaTexture",
		"material" : "ground",
		"soundType" : "stone",
		"hardness" : 1.0,
		"numBlocks" : 2
	}
}