{
	"rock" : 
	{  
		"hardness" : 2.0, 
		"soundType" : "stone", 
		"material" : "rock",
		"recipe" : 
		{
			"shapeless" : true,
			"items" : [["minecraft:cobblestone"]],
			"amount" : 1
		}			
	},

	"glass" :
	{
		"type" : "connected",
		"soundType" : "glass",
		"hardness" : 0.5,
		"translucent" : true,
		"opaque" : false,
		"recipe" :
		{
			"items" : [	["minecraft:glass", 	"", 						""], 
							["", 							"minecraft:glass", 	""], 
							["", 							"", 						"minecraft:glass"]],
			"amount" : 3
		}
	},
	
	"crafting" : 
	{ 
		"hardness" : 1,
		"textures" : 
		{
			"top" : "crafting_table_top",
			"bottom" : "crafting_table_bottom",
			"sides" : "crafting_table_side",
			"front" : "crafting_table_front"
		},
		"recipe" : 
		{
			"items" : [	["minecraft:planks@*", 	"minecraft:planks", 	"minecraft:planks@3"], 
							["", 								"minecraft:planks", 	""]]
		}
	},
	
	"wool_colored":
	{
		"type" : "colored",
		"soundType" : "cloth",
		"hardness" :  0.8
	},
	
	"custom_stairs" :
	{
		"type" : "stairs",
		"material" : "glass",
		"soundType" : "glass",
		"textureName": "stairs",	
		"lightValue" : 15,
		"recipe" : 
		{
			"shapeless" : true,
			"items" : [["stairWood", "minecraft:glowstone"]]
		}
	},
	
	"slab" :
	{
		"type" : "slab",
		"material" : "rock",
		"soundType" : "stone",
		"textures" : 
		{ 
			"top" : "stone_slab_top",
			"bottom" : "stone_slab_top",
			"sides" : "stone_slab_side" 
		},
		"recipe" : 
		{
			"items" : [["ddb:example_rock", "ddb:example_rock", "ddb:example_rock"]],
			"amount": 3
		}
	},
	
	"moon" :
	{
		"type" : "megaTexture",
		"material" : "ground",
		"soundType" : "stone",
		"hardness" : 1.0,
		"numBlocks" : 2
	},
	
	"prismarine" :
	{
		"hardness" : 2.0, 
		"soundType" : "stone", 
		"material" : "rock",
		"recipe" : 
		{
			"items" : [["minecraft:prismarine@0"]]
		},
		"furnaceRecipe" : 
		{
			"item" : "minecraft:prismarine@2"
		}
	},
	
	"wall":
	{
		"type" : "wall",
		"material" : "rock",
		"soundType" : "stone",
		"hardness" : 1.0,
		"textures" : 
		{
			"inside" : "wall_inside",
			"outside" : "wall_outside"
		}
	}
	
	
	
	
}